{
  "location": 8,
  "interrupted": true,
  "success": false,
  "cylinder_20m": true,
  "sphere_20m": true,
  "cylinder_10m": true,
  "sphere_10m": false,
  "detected_cyl20": false,
  "detected_sph20": false,
  "detected_cyl10": false,
  "detected_sph10": null,
  "ci_detected_overall": false,
  "time_cyl20": 27.704782724380493,
  "time_sph20": 29.10330891609192,
  "time_cyl10": 30.001301527023315,
  "time_sph10": null,
  "distance_cyl20": 24.196691513061523,
  "distance_sph20": 19.913379669189453,
  "distance_cyl10": 18.361806869506836,
  "distance_sph10": null,
  "altitude_cyl20": 74.16000366210938,
  "altitude_sph20": 75.0,
  "altitude_cyl10": 75.48999786376953,
  "altitude_sph10": null,
  "step_cyl20": 27,
  "step_sph20": 28,
  "step_cyl10": 29,
  "step_sph10": null,
  "total_time": 72.7383074760437,
  "time_spent_s": 72.7383074760437,
  "final_distance_m": 40.78246307373047,
  "attack_steps": 70
}