{
  "location": 10,
  "direction": "West",
  "bearing_deg": 270.0,
  "cylinder_20m": true,
  "sphere_20m": true,
  "cylinder_10m": true,
  "sphere_10m": true,
  "detected_cyl20": false,
  "detected_sph20": false,
  "detected_cyl10": false,
  "detected_sph10": false,
  "ci_detected_overall": false,
  "time_cyl20": 33.02943992614746,
  "time_sph20": 34.53338932991028,
  "time_cyl10": 34.53338932991028,
  "time_sph10": 45.96500372886658,
  "distance_cyl20": 25.938419342041016,
  "distance_sph20": 19.957355499267578,
  "distance_cyl10": 19.957355499267578,
  "distance_sph10": 9.762188911437988,
  "altitude_cyl20": 76.87000274658203,
  "altitude_sph20": 77.44000244140625,
  "altitude_cyl10": 77.44000244140625,
  "altitude_sph10": 68.91000366210938,
  "step_cyl20": 32,
  "step_sph20": 33,
  "step_cyl10": 33,
  "step_sph10": 44,
  "time_detected": null,
  "total_time": 45.96536707878113,
  "time_spent_s": 45.96536707878113,
  "final_distance_m": 9.350265502929688,
  "horizontal_distance_m": 3.2154456201615833,
  "vertical_distance_m": 8.779998779296875,
  "final_altitude_amsl": 68.77999877929688,
  "attack_steps": 44,
  "success": true,
  "target_lat": 40.4221992202057,
  "target_lon": -86.9347899046715,
  "target_alt": 60.0
}