{
  "location": 10,
  "interrupted": true,
  "success": false,
  "cylinder_20m": true,
  "sphere_20m": true,
  "cylinder_10m": true,
  "sphere_10m": false,
  "detected_cyl20": false,
  "detected_sph20": false,
  "detected_cyl10": false,
  "detected_sph10": null,
  "ci_detected_overall": false,
  "time_cyl20": 32.60828495025635,
  "time_sph20": 45.608564376831055,
  "time_cyl10": 34.00696420669556,
  "time_sph10": null,
  "distance_cyl20": 28.847883224487305,
  "distance_sph20": 19.636356353759766,
  "distance_cyl10": 24.310300827026367,
  "distance_sph10": null,
  "altitude_cyl20": 81.33000183105469,
  "altitude_sph20": 75.26000213623047,
  "altitude_cyl10": 82.23999786376953,
  "altitude_sph10": null,
  "step_cyl20": 31,
  "step_sph20": 44,
  "step_cyl10": 33,
  "step_sph10": null,
  "total_time": 100.51477432250977,
  "time_spent_s": 100.51477432250977,
  "final_distance_m": 34.02294921875,
  "attack_steps": 97
}