{
  "location": 2,
  "interrupted": true,
  "success": false,
  "cylinder_20m": true,
  "sphere_20m": true,
  "cylinder_10m": true,
  "sphere_10m": false,
  "detected_cyl20": false,
  "detected_sph20": false,
  "detected_cyl10": false,
  "detected_sph10": null,
  "ci_detected_overall": false,
  "time_cyl20": 39.01416730880737,
  "time_sph20": 39.113197326660156,
  "time_cyl10": 43.31439423561096,
  "time_sph10": null,
  "distance_cyl20": 20.20274543762207,
  "distance_sph20": 19.926809310913086,
  "distance_cyl10": 14.107000350952148,
  "distance_sph10": null,
  "altitude_cyl20": 55.90999984741211,
  "altitude_sph20": 55.790000915527344,
  "altitude_cyl10": 49.810001373291016,
  "altitude_sph10": null,
  "step_cyl20": 38,
  "step_sph20": 38,
  "step_cyl10": 42,
  "step_sph10": null,
  "total_time": 76.98735046386719,
  "time_spent_s": 76.98735046386719,
  "final_distance_m": 66.6623306274414,
  "attack_steps": 74
}