{
  "location": 12,
  "interrupted": true,
  "success": false,
  "cylinder_20m": true,
  "sphere_20m": true,
  "cylinder_10m": false,
  "sphere_10m": false,
  "detected_cyl20": false,
  "detected_sph20": false,
  "detected_cyl10": null,
  "detected_sph10": null,
  "ci_detected_overall": false,
  "time_cyl20": 39.611491441726685,
  "time_sph20": 40.00948166847229,
  "time_cyl10": null,
  "time_sph10": null,
  "distance_cyl20": 20.398269653320312,
  "distance_sph20": 19.763519287109375,
  "distance_cyl10": null,
  "distance_sph10": null,
  "altitude_cyl20": 55.31999969482422,
  "altitude_sph20": 54.59000015258789,
  "altitude_cyl10": null,
  "altitude_sph10": null,
  "step_cyl20": 38,
  "step_sph20": 38,
  "step_cyl10": null,
  "step_sph10": null,
  "total_time": 68.66023659706116,
  "time_spent_s": 68.66023659706116,
  "final_distance_m": 59.45966339111328,
  "attack_steps": 66
}