{
  "location": 5,
  "interrupted": true,
  "success": false,
  "cylinder_20m": true,
  "sphere_20m": true,
  "cylinder_10m": true,
  "sphere_10m": false,
  "detected_cyl20": false,
  "detected_sph20": false,
  "detected_cyl10": false,
  "detected_sph10": null,
  "ci_detected_overall": false,
  "time_cyl20": 30.656161546707153,
  "time_sph20": 31.48963952064514,
  "time_cyl10": 32.49093699455261,
  "time_sph10": null,
  "distance_cyl20": 23.1159610748291,
  "distance_sph20": 19.602258682250977,
  "distance_cyl10": 16.358625411987305,
  "distance_sph10": null,
  "altitude_cyl20": 72.25,
  "altitude_sph20": 72.52999877929688,
  "altitude_cyl10": 73.0199966430664,
  "altitude_sph10": null,
  "step_cyl20": 30,
  "step_sph20": 31,
  "step_cyl10": 32,
  "step_sph10": null,
  "total_time": 71.74786520004272,
  "time_spent_s": 71.74786520004272,
  "final_distance_m": 49.57231521606445,
  "attack_steps": 69
}