{
  "location": 7,
  "interrupted": true,
  "success": false,
  "cylinder_20m": true,
  "sphere_20m": true,
  "cylinder_10m": true,
  "sphere_10m": false,
  "detected_cyl20": false,
  "detected_sph20": false,
  "detected_cyl10": false,
  "detected_sph10": null,
  "ci_detected_overall": false,
  "time_cyl20": 28.664114713668823,
  "time_sph20": 29.688182592391968,
  "time_cyl10": 32.195202112197876,
  "time_sph10": null,
  "distance_cyl20": 22.154848098754883,
  "distance_sph20": 19.746549606323242,
  "distance_cyl10": 16.60902976989746,
  "distance_sph10": null,
  "altitude_cyl20": 69.91999816894531,
  "altitude_sph20": 70.73999786376953,
  "altitude_cyl10": 73.44999694824219,
  "altitude_sph10": null,
  "step_cyl20": 28,
  "step_sph20": 29,
  "step_cyl10": 31,
  "step_sph10": null,
  "total_time": 79.74509048461914,
  "time_spent_s": 79.74509048461914,
  "final_distance_m": 55.50899887084961,
  "attack_steps": 76
}