{
  "location": 1,
  "direction": "North",
  "bearing_deg": 0.0,
  "cylinder_20m": true,
  "sphere_20m": true,
  "cylinder_10m": true,
  "sphere_10m": true,
  "detected_cyl20": false,
  "detected_sph20": false,
  "detected_cyl10": false,
  "detected_sph10": false,
  "ci_detected_overall": false,
  "time_cyl20": 34.61644101142883,
  "time_sph20": 34.71660780906677,
  "time_cyl10": 36.9202983379364,
  "time_sph10": 37.41887044906616,
  "distance_cyl20": 20.580673217773438,
  "distance_sph20": 19.776660919189453,
  "distance_cyl10": 11.215272903442383,
  "distance_sph10": 9.643341064453125,
  "altitude_cyl20": 65.58000183105469,
  "altitude_sph20": 65.58999633789062,
  "altitude_cyl10": 65.68000030517578,
  "altitude_sph10": 65.55000305175781,
  "step_cyl20": 33,
  "step_sph20": 34,
  "step_cyl10": 36,
  "step_sph10": 36,
  "time_detected": null,
  "total_time": 37.419358253479004,
  "time_spent_s": 37.419358253479004,
  "final_distance_m": 9.28119945526123,
  "horizontal_distance_m": 7.468637158225151,
  "vertical_distance_m": 5.510002136230469,
  "final_altitude_amsl": 65.51000213623047,
  "attack_steps": 36,
  "success": true,
  "target_lat": 40.42418046774996,
  "target_lon": -86.93219757080078,
  "target_alt": 60.0
}