{
  "location": 5,
  "interrupted": true,
  "success": false,
  "cylinder_20m": true,
  "sphere_20m": true,
  "cylinder_10m": true,
  "sphere_10m": false,
  "detected_cyl20": true,
  "detected_sph20": true,
  "detected_cyl10": true,
  "detected_sph10": null,
  "ci_detected_overall": true,
  "time_cyl20": 31.5430428981781,
  "time_sph20": 32.14621019363403,
  "time_cyl10": 33.446157693862915,
  "time_sph10": null,
  "distance_cyl20": 22.28553581237793,
  "distance_sph20": 19.58279037475586,
  "distance_cyl10": 14.672887802124023,
  "distance_sph10": null,
  "altitude_cyl20": 70.5999984741211,
  "altitude_sph20": 70.75,
  "altitude_cyl10": 70.79000091552734,
  "altitude_sph10": null,
  "step_cyl20": 31,
  "step_sph20": 31,
  "step_cyl10": 32,
  "step_sph10": null,
  "total_time": 86.05826473236084,
  "time_spent_s": 86.05826473236084,
  "final_distance_m": 69.7883529663086,
  "attack_steps": 82
}