{
  "location": 1,
  "direction": "North",
  "bearing_deg": 0.0,
  "cylinder_20m": true,
  "sphere_20m": true,
  "cylinder_10m": true,
  "sphere_10m": true,
  "detected_cyl20": false,
  "detected_sph20": false,
  "detected_cyl10": false,
  "detected_sph10": false,
  "ci_detected_overall": false,
  "time_cyl20": 33.20359516143799,
  "time_sph20": 33.502360105514526,
  "time_cyl10": 35.40448474884033,
  "time_sph10": 36.59639382362366,
  "distance_cyl20": 21.290790557861328,
  "distance_sph20": 19.853862762451172,
  "distance_cyl10": 12.722962379455566,
  "distance_sph10": 9.880175590515137,
  "altitude_cyl20": 67.62999725341797,
  "altitude_sph20": 67.73999786376953,
  "altitude_cyl10": 68.20999908447266,
  "altitude_sph10": 67.97000122070312,
  "step_cyl20": 32,
  "step_sph20": 32,
  "step_cyl10": 34,
  "step_sph10": 35,
  "time_detected": null,
  "total_time": 36.59699869155884,
  "time_spent_s": 36.59699869155884,
  "final_distance_m": 9.732355117797852,
  "horizontal_distance_m": 5.656179778517982,
  "vertical_distance_m": 7.9199981689453125,
  "final_altitude_amsl": 67.91999816894531,
  "attack_steps": 35,
  "success": true,
  "target_lat": 40.42418046774996,
  "target_lon": -86.93219757080078,
  "target_alt": 60.0
}