{
  "location": 9,
  "direction": "WSW",
  "bearing_deg": 240.0,
  "cylinder_20m": true,
  "sphere_20m": true,
  "cylinder_10m": true,
  "sphere_10m": true,
  "detected_cyl20": true,
  "detected_sph20": true,
  "detected_cyl10": true,
  "detected_sph10": true,
  "ci_detected_overall": true,
  "time_cyl20": 31.116213083267212,
  "time_sph20": 31.8197181224823,
  "time_cyl10": 34.21864080429077,
  "time_sph10": 39.850889682769775,
  "distance_cyl20": 21.916736602783203,
  "distance_sph20": 19.518877029418945,
  "distance_cyl10": 13.723442077636719,
  "distance_sph10": 9.869537353515625,
  "altitude_cyl20": 69.45999908447266,
  "altitude_sph20": 69.56999969482422,
  "altitude_cyl10": 69.61000061035156,
  "altitude_sph10": 65.33999633789062,
  "step_cyl20": 30,
  "step_sph20": 31,
  "step_cyl10": 33,
  "step_sph10": 38,
  "time_detected": 10.89021372795105,
  "total_time": 39.85129261016846,
  "time_spent_s": 39.85129261016846,
  "final_distance_m": 9.78919506072998,
  "horizontal_distance_m": 8.300133038995487,
  "vertical_distance_m": 5.19000244140625,
  "final_altitude_amsl": 65.19000244140625,
  "attack_steps": 38,
  "success": true,
  "target_lat": 40.42120861797503,
  "target_lon": -86.93444256485718,
  "target_alt": 60.0
}