{
  "location": 7,
  "interrupted": true,
  "success": false,
  "cylinder_20m": true,
  "sphere_20m": true,
  "cylinder_10m": true,
  "sphere_10m": false,
  "detected_cyl20": false,
  "detected_sph20": false,
  "detected_cyl10": false,
  "detected_sph10": null,
  "ci_detected_overall": false,
  "time_cyl20": 28.62899160385132,
  "time_sph20": 29.92525315284729,
  "time_cyl10": 30.925638914108276,
  "time_sph10": null,
  "distance_cyl20": 23.798871994018555,
  "distance_sph20": 19.78505516052246,
  "distance_cyl10": 17.546667098999023,
  "distance_sph10": null,
  "altitude_cyl20": 73.30000305175781,
  "altitude_sph20": 74.43000030517578,
  "altitude_cyl10": 74.68000030517578,
  "altitude_sph10": null,
  "step_cyl20": 28,
  "step_sph20": 29,
  "step_cyl10": 30,
  "step_sph10": null,
  "total_time": 68.50552654266357,
  "time_spent_s": 68.50552654266357,
  "final_distance_m": 38.18145751953125,
  "attack_steps": 65
}