{
  "location": 9,
  "interrupted": true,
  "success": false,
  "cylinder_20m": true,
  "sphere_20m": true,
  "cylinder_10m": true,
  "sphere_10m": false,
  "detected_cyl20": true,
  "detected_sph20": true,
  "detected_cyl10": true,
  "detected_sph10": null,
  "ci_detected_overall": true,
  "time_cyl20": 31.095766067504883,
  "time_sph20": 31.692603588104248,
  "time_cyl10": 32.79375696182251,
  "time_sph10": null,
  "distance_cyl20": 22.600900650024414,
  "distance_sph20": 19.533601760864258,
  "distance_cyl10": 15.604249000549316,
  "distance_sph10": null,
  "altitude_cyl20": 71.29000091552734,
  "altitude_sph20": 71.58999633789062,
  "altitude_cyl10": 72.22000122070312,
  "altitude_sph10": null,
  "step_cyl20": 30,
  "step_sph20": 31,
  "step_cyl10": 32,
  "step_sph10": null,
  "total_time": 78.68578553199768,
  "time_spent_s": 78.68578553199768,
  "final_distance_m": 46.06822204589844,
  "attack_steps": 76
}