{
  "location": 2,
  "interrupted": true,
  "success": false,
  "cylinder_20m": true,
  "sphere_20m": true,
  "cylinder_10m": false,
  "sphere_10m": false,
  "detected_cyl20": false,
  "detected_sph20": false,
  "detected_cyl10": null,
  "detected_sph10": null,
  "ci_detected_overall": false,
  "time_cyl20": 39.41582417488098,
  "time_sph20": 39.41582417488098,
  "time_cyl10": null,
  "time_sph10": null,
  "distance_cyl20": 19.84992027282715,
  "distance_sph20": 19.84992027282715,
  "distance_cyl10": null,
  "distance_sph10": null,
  "altitude_cyl20": 58.09000015258789,
  "altitude_sph20": 58.09000015258789,
  "altitude_cyl10": null,
  "altitude_sph10": null,
  "step_cyl20": 38,
  "step_sph20": 38,
  "step_cyl10": null,
  "step_sph10": null,
  "total_time": 79.38345003128052,
  "time_spent_s": 79.38345003128052,
  "final_distance_m": 70.76471710205078,
  "attack_steps": 76
}