{
  "location": 7,
  "interrupted": true,
  "success": false,
  "cylinder_20m": true,
  "sphere_20m": true,
  "cylinder_10m": true,
  "sphere_10m": false,
  "detected_cyl20": false,
  "detected_sph20": false,
  "detected_cyl10": false,
  "detected_sph10": null,
  "ci_detected_overall": false,
  "time_cyl20": 28.77258276939392,
  "time_sph20": 30.072209119796753,
  "time_cyl10": 31.77459144592285,
  "time_sph10": null,
  "distance_cyl20": 22.697141647338867,
  "distance_sph20": 19.796438217163086,
  "distance_cyl10": 17.544954299926758,
  "distance_sph10": null,
  "altitude_cyl20": 71.20999908447266,
  "altitude_sph20": 73.0199966430664,
  "altitude_cyl10": 74.58999633789062,
  "altitude_sph10": null,
  "step_cyl20": 28,
  "step_sph20": 29,
  "step_cyl10": 31,
  "step_sph10": null,
  "total_time": 81.3892195224762,
  "time_spent_s": 81.3892195224762,
  "final_distance_m": 50.8348503112793,
  "attack_steps": 78
}