{
  "location": 3,
  "interrupted": true,
  "success": false,
  "cylinder_20m": true,
  "sphere_20m": true,
  "cylinder_10m": true,
  "sphere_10m": false,
  "detected_cyl20": false,
  "detected_sph20": false,
  "detected_cyl10": false,
  "detected_sph10": null,
  "ci_detected_overall": false,
  "time_cyl20": 41.083845376968384,
  "time_sph20": 41.083845376968384,
  "time_cyl10": 45.095120906829834,
  "time_sph10": null,
  "distance_cyl20": 19.837419509887695,
  "distance_sph20": 19.837419509887695,
  "distance_cyl10": 12.215798377990723,
  "distance_sph10": null,
  "altitude_cyl20": 60.400001525878906,
  "altitude_sph20": 60.400001525878906,
  "altitude_cyl10": 52.849998474121094,
  "altitude_sph10": null,
  "step_cyl20": 40,
  "step_sph20": 40,
  "step_cyl10": 43,
  "step_sph10": null,
  "total_time": 63.497082471847534,
  "time_spent_s": 63.497082471847534,
  "final_distance_m": 41.42292785644531,
  "attack_steps": 61
}