{
  "location": 4,
  "interrupted": true,
  "success": false,
  "cylinder_20m": true,
  "sphere_20m": true,
  "cylinder_10m": true,
  "sphere_10m": false,
  "detected_cyl20": true,
  "detected_sph20": true,
  "detected_cyl10": true,
  "detected_sph10": null,
  "ci_detected_overall": true,
  "time_cyl20": 39.588082790374756,
  "time_sph20": 39.588082790374756,
  "time_cyl10": 43.68700456619263,
  "time_sph10": null,
  "distance_cyl20": 19.99750518798828,
  "distance_sph20": 19.99750518798828,
  "distance_cyl10": 12.232940673828125,
  "distance_sph10": null,
  "altitude_cyl20": 60.06999969482422,
  "altitude_sph20": 60.06999969482422,
  "altitude_cyl10": 52.54999923706055,
  "altitude_sph10": null,
  "step_cyl20": 38,
  "step_sph20": 38,
  "step_cyl10": 42,
  "step_sph10": null,
  "total_time": 75.66441822052002,
  "time_spent_s": 75.66441822052002,
  "final_distance_m": 60.64957046508789,
  "attack_steps": 73
}