{
  "location": 11,
  "direction": "WNW",
  "bearing_deg": 300.0,
  "cylinder_20m": true,
  "sphere_20m": true,
  "cylinder_10m": true,
  "sphere_10m": true,
  "detected_cyl20": false,
  "detected_sph20": false,
  "detected_cyl10": false,
  "detected_sph10": false,
  "ci_detected_overall": false,
  "time_cyl20": 34.8247332572937,
  "time_sph20": 36.024924755096436,
  "time_cyl10": 36.72595429420471,
  "time_sph10": 45.529218912124634,
  "distance_cyl20": 24.339570999145508,
  "distance_sph20": 19.794557571411133,
  "distance_cyl10": 17.9195499420166,
  "distance_sph10": 9.982412338256836,
  "altitude_cyl20": 74.33999633789062,
  "altitude_sph20": 74.86000061035156,
  "altitude_cyl10": 75.12000274658203,
  "altitude_sph10": 64.58999633789062,
  "step_cyl20": 34,
  "step_sph20": 35,
  "step_cyl10": 36,
  "step_sph10": 44,
  "time_detected": null,
  "total_time": 45.52977633476257,
  "time_spent_s": 45.52977633476257,
  "final_distance_m": 10.050313949584961,
  "horizontal_distance_m": 9.040835551945348,
  "vertical_distance_m": 4.3899993896484375,
  "final_altitude_amsl": 64.38999938964844,
  "attack_steps": 44,
  "success": true,
  "target_lat": 40.42318983679704,
  "target_lon": -86.9344426307204,
  "target_alt": 60.0
}