{
  "location": 1,
  "direction": "North",
  "bearing_deg": 0.0,
  "cylinder_20m": true,
  "sphere_20m": true,
  "cylinder_10m": true,
  "sphere_10m": true,
  "detected_cyl20": false,
  "detected_sph20": false,
  "detected_cyl10": false,
  "detected_sph10": false,
  "ci_detected_overall": false,
  "time_cyl20": 34.508795499801636,
  "time_sph20": 34.60962414741516,
  "time_cyl10": 36.80956053733826,
  "time_sph10": 37.20900225639343,
  "distance_cyl20": 20.197134017944336,
  "distance_sph20": 19.809524536132812,
  "distance_cyl10": 11.184771537780762,
  "distance_sph10": 9.760906219482422,
  "altitude_cyl20": 65.8499984741211,
  "altitude_sph20": 65.87000274658203,
  "altitude_cyl10": 65.72000122070312,
  "altitude_sph10": 65.54000091552734,
  "step_cyl20": 33,
  "step_sph20": 33,
  "step_cyl10": 35,
  "step_sph10": 36,
  "time_detected": null,
  "total_time": 37.20946764945984,
  "time_spent_s": 37.20946764945984,
  "final_distance_m": 9.72697925567627,
  "horizontal_distance_m": 8.036397604722556,
  "vertical_distance_m": 5.480003356933594,
  "final_altitude_amsl": 65.4800033569336,
  "attack_steps": 36,
  "success": true,
  "target_lat": 40.42418046774996,
  "target_lon": -86.93217468261719,
  "target_alt": 60.0
}