{
  "location": 6,
  "interrupted": true,
  "success": false,
  "cylinder_20m": true,
  "sphere_20m": true,
  "cylinder_10m": true,
  "sphere_10m": false,
  "detected_cyl20": false,
  "detected_sph20": false,
  "detected_cyl10": false,
  "detected_sph10": null,
  "ci_detected_overall": false,
  "time_cyl20": 27.97689962387085,
  "time_sph20": 28.977245807647705,
  "time_cyl10": 30.38011145591736,
  "time_sph10": null,
  "distance_cyl20": 23.676271438598633,
  "distance_sph20": 19.963001251220703,
  "distance_cyl10": 16.186227798461914,
  "distance_sph10": null,
  "altitude_cyl20": 72.97000122070312,
  "altitude_sph20": 73.0,
  "altitude_cyl10": 73.11000061035156,
  "altitude_sph10": null,
  "step_cyl20": 27,
  "step_sph20": 28,
  "step_cyl10": 29,
  "step_sph10": null,
  "total_time": 72.24652934074402,
  "time_spent_s": 72.24652934074402,
  "final_distance_m": 53.45731735229492,
  "attack_steps": 69
}