{
  "location": 9,
  "direction": "WSW",
  "bearing_deg": 240.0,
  "cylinder_20m": true,
  "sphere_20m": true,
  "cylinder_10m": true,
  "sphere_10m": true,
  "detected_cyl20": true,
  "detected_sph20": true,
  "detected_cyl10": true,
  "detected_sph10": true,
  "ci_detected_overall": true,
  "time_cyl20": 30.739309310913086,
  "time_sph20": 31.43974471092224,
  "time_cyl10": 33.340569257736206,
  "time_sph10": 40.374441146850586,
  "distance_cyl20": 22.09279441833496,
  "distance_sph20": 19.666471481323242,
  "distance_cyl10": 14.083701133728027,
  "distance_sph10": 9.918523788452148,
  "altitude_cyl20": 69.77999877929688,
  "altitude_sph20": 70.06999969482422,
  "altitude_cyl10": 70.30999755859375,
  "altitude_sph10": 65.43000030517578,
  "step_cyl20": 30,
  "step_sph20": 30,
  "step_cyl10": 32,
  "step_sph10": 39,
  "time_detected": 7.239222288131714,
  "total_time": 40.3748345375061,
  "time_spent_s": 40.3748345375061,
  "final_distance_m": 9.84257698059082,
  "horizontal_distance_m": 8.300133038995487,
  "vertical_distance_m": 5.290000915527344,
  "final_altitude_amsl": 65.29000091552734,
  "attack_steps": 39,
  "success": true,
  "target_lat": 40.42120861797503,
  "target_lon": -86.93444256485718,
  "target_alt": 60.0
}