{
  "location": 6,
  "interrupted": true,
  "success": false,
  "cylinder_20m": true,
  "sphere_20m": true,
  "cylinder_10m": true,
  "sphere_10m": false,
  "detected_cyl20": false,
  "detected_sph20": false,
  "detected_cyl10": false,
  "detected_sph10": null,
  "ci_detected_overall": false,
  "time_cyl20": 28.043129920959473,
  "time_sph20": 29.04117178916931,
  "time_cyl10": 30.30880570411682,
  "time_sph10": null,
  "distance_cyl20": 23.43297576904297,
  "distance_sph20": 19.9825496673584,
  "distance_cyl10": 16.385597229003906,
  "distance_sph10": null,
  "altitude_cyl20": 73.02999877929688,
  "altitude_sph20": 73.02999877929688,
  "altitude_cyl10": 73.08000183105469,
  "altitude_sph10": null,
  "step_cyl20": 27,
  "step_sph20": 28,
  "step_cyl10": 29,
  "step_sph10": null,
  "total_time": 74.58235239982605,
  "time_spent_s": 74.58235239982605,
  "final_distance_m": 56.705039978027344,
  "attack_steps": 71
}