{
  "location": 5,
  "direction": "ESE",
  "bearing_deg": 120.0,
  "cylinder_20m": true,
  "sphere_20m": true,
  "cylinder_10m": true,
  "sphere_10m": true,
  "detected_cyl20": true,
  "detected_sph20": true,
  "detected_cyl10": true,
  "detected_sph10": true,
  "ci_detected_overall": true,
  "time_cyl20": 33.19443368911743,
  "time_sph20": 33.69527292251587,
  "time_cyl10": 37.205026388168335,
  "time_sph10": 39.6019868850708,
  "distance_cyl20": 21.308979034423828,
  "distance_sph20": 19.789203643798828,
  "distance_cyl10": 11.769439697265625,
  "distance_sph10": 9.903841018676758,
  "altitude_cyl20": 68.33000183105469,
  "altitude_sph20": 68.25,
  "altitude_cyl10": 66.20999908447266,
  "altitude_sph10": 64.76000213623047,
  "step_cyl20": 32,
  "step_sph20": 32,
  "step_cyl10": 36,
  "step_sph10": 38,
  "time_detected": 26.300586462020874,
  "total_time": 39.60241341590881,
  "time_spent_s": 39.60241341590881,
  "final_distance_m": 9.856169700622559,
  "horizontal_distance_m": 8.684955681736186,
  "vertical_distance_m": 4.660003662109375,
  "final_altitude_amsl": 64.66000366210938,
  "attack_steps": 38,
  "success": true,
  "target_lat": 40.42120861797503,
  "target_lon": -86.92995257674438,
  "target_alt": 60.0
}