{
  "location": 12,
  "interrupted": true,
  "success": false,
  "cylinder_20m": true,
  "sphere_20m": true,
  "cylinder_10m": true,
  "sphere_10m": false,
  "detected_cyl20": false,
  "detected_sph20": false,
  "detected_cyl10": false,
  "detected_sph10": null,
  "ci_detected_overall": false,
  "time_cyl20": 39.37433123588562,
  "time_sph20": 39.37433123588562,
  "time_cyl10": 43.87451171875,
  "time_sph10": null,
  "distance_cyl20": 19.901813507080078,
  "distance_sph20": 19.901813507080078,
  "distance_cyl10": 13.256190299987793,
  "distance_sph10": null,
  "altitude_cyl20": 58.29999923706055,
  "altitude_sph20": 58.29999923706055,
  "altitude_cyl10": 50.86000061035156,
  "altitude_sph10": null,
  "step_cyl20": 38,
  "step_sph20": 38,
  "step_cyl10": 42,
  "step_sph10": null,
  "total_time": 72.67119193077087,
  "time_spent_s": 72.67119193077087,
  "final_distance_m": 61.97119140625,
  "attack_steps": 70
}