{
  "location": 3,
  "direction": "ENE",
  "bearing_deg": 60.0,
  "cylinder_20m": true,
  "sphere_20m": true,
  "cylinder_10m": true,
  "sphere_10m": true,
  "detected_cyl20": false,
  "detected_sph20": false,
  "detected_cyl10": false,
  "detected_sph10": false,
  "ci_detected_overall": false,
  "time_cyl20": 38.972912311553955,
  "time_sph20": 39.172189474105835,
  "time_cyl10": 41.47386455535889,
  "time_sph10": 41.8050000667572,
  "distance_cyl20": 20.38490867614746,
  "distance_sph20": 19.992734909057617,
  "distance_cyl10": 10.504914283752441,
  "distance_sph10": 9.373403549194336,
  "altitude_cyl20": 66.0199966430664,
  "altitude_sph20": 65.83999633789062,
  "altitude_cyl10": 63.5,
  "altitude_sph10": 63.11000061035156,
  "step_cyl20": 37,
  "step_sph20": 38,
  "step_cyl10": 40,
  "step_sph10": 40,
  "time_detected": null,
  "total_time": 41.8054141998291,
  "time_spent_s": 41.8054141998291,
  "final_distance_m": 8.994715690612793,
  "horizontal_distance_m": 8.48672579635318,
  "vertical_distance_m": 2.979999542236328,
  "final_altitude_amsl": 62.97999954223633,
  "attack_steps": 40,
  "success": true,
  "target_lat": 40.42318983679704,
  "target_lon": -86.92994488148663,
  "target_alt": 60.0
}