{
  "location": 11,
  "direction": "WNW",
  "bearing_deg": 300.0,
  "cylinder_20m": true,
  "sphere_20m": true,
  "cylinder_10m": true,
  "sphere_10m": true,
  "detected_cyl20": false,
  "detected_sph20": false,
  "detected_cyl10": false,
  "detected_sph10": false,
  "ci_detected_overall": false,
  "time_cyl20": 35.879069089889526,
  "time_sph20": 36.67867302894592,
  "time_cyl10": 38.07975745201111,
  "time_sph10": 41.77842164039612,
  "distance_cyl20": 22.66942596435547,
  "distance_sph20": 19.60529327392578,
  "distance_cyl10": 15.410784721374512,
  "distance_sph10": 9.917471885681152,
  "altitude_cyl20": 71.55999755859375,
  "altitude_sph20": 71.7699966430664,
  "altitude_cyl10": 71.91999816894531,
  "altitude_sph10": 68.12999725341797,
  "step_cyl20": 35,
  "step_sph20": 35,
  "step_cyl10": 37,
  "step_sph10": 40,
  "time_detected": null,
  "total_time": 41.77883696556091,
  "time_spent_s": 41.77883696556091,
  "final_distance_m": 9.616743087768555,
  "horizontal_distance_m": 5.351792992745547,
  "vertical_distance_m": 7.989997863769531,
  "final_altitude_amsl": 67.98999786376953,
  "attack_steps": 40,
  "success": true,
  "target_lat": 40.42318983679704,
  "target_lon": -86.9344426307204,
  "target_alt": 60.0
}