{
  "location": 10,
  "direction": "West",
  "bearing_deg": 270.0,
  "cylinder_20m": true,
  "sphere_20m": true,
  "cylinder_10m": true,
  "sphere_10m": true,
  "detected_cyl20": false,
  "detected_sph20": false,
  "detected_cyl10": false,
  "detected_sph10": false,
  "ci_detected_overall": false,
  "time_cyl20": 33.49541878700256,
  "time_sph20": 35.09555149078369,
  "time_cyl10": 34.89601421356201,
  "time_sph10": 45.695751905441284,
  "distance_cyl20": 25.958892822265625,
  "distance_sph20": 19.774242401123047,
  "distance_cyl10": 20.126949310302734,
  "distance_sph10": 9.989555358886719,
  "altitude_cyl20": 76.8499984741211,
  "altitude_sph20": 77.7699966430664,
  "altitude_cyl10": 77.62000274658203,
  "altitude_sph10": 69.05000305175781,
  "step_cyl20": 32,
  "step_sph20": 34,
  "step_cyl10": 34,
  "step_sph10": 44,
  "time_detected": null,
  "total_time": 45.69644618034363,
  "time_spent_s": 45.69644618034363,
  "final_distance_m": 9.576095581054688,
  "horizontal_distance_m": 3.4578482923782143,
  "vertical_distance_m": 8.930000305175781,
  "final_altitude_amsl": 68.93000030517578,
  "attack_steps": 44,
  "success": true,
  "target_lat": 40.4221992202057,
  "target_lon": -86.9347899046715,
  "target_alt": 60.0
}