{
  "location": 8,
  "interrupted": true,
  "success": false,
  "cylinder_20m": true,
  "sphere_20m": true,
  "cylinder_10m": true,
  "sphere_10m": false,
  "detected_cyl20": false,
  "detected_sph20": false,
  "detected_cyl10": false,
  "detected_sph10": null,
  "ci_detected_overall": false,
  "time_cyl20": 28.054120779037476,
  "time_sph20": 29.356815099716187,
  "time_cyl10": 30.451570749282837,
  "time_sph10": null,
  "distance_cyl20": 24.16864585876465,
  "distance_sph20": 19.868650436401367,
  "distance_cyl10": 18.070655822753906,
  "distance_sph10": null,
  "altitude_cyl20": 73.80000305175781,
  "altitude_sph20": 74.55999755859375,
  "altitude_cyl10": 75.18000030517578,
  "altitude_sph10": null,
  "step_cyl20": 27,
  "step_sph20": 29,
  "step_cyl10": 30,
  "step_sph10": null,
  "total_time": 72.20086812973022,
  "time_spent_s": 72.20086812973022,
  "final_distance_m": 47.58543014526367,
  "attack_steps": 70
}