{
  "location": 11,
  "direction": "WNW",
  "bearing_deg": 300.0,
  "cylinder_20m": true,
  "sphere_20m": true,
  "cylinder_10m": true,
  "sphere_10m": true,
  "detected_cyl20": false,
  "detected_sph20": false,
  "detected_cyl10": false,
  "detected_sph10": false,
  "ci_detected_overall": false,
  "time_cyl20": 35.71553015708923,
  "time_sph20": 36.51583480834961,
  "time_cyl10": 37.817283391952515,
  "time_sph10": 42.816673040390015,
  "distance_cyl20": 23.04385757446289,
  "distance_sph20": 19.64868927001953,
  "distance_cyl10": 15.788671493530273,
  "distance_sph10": 9.91713809967041,
  "altitude_cyl20": 72.01000213623047,
  "altitude_sph20": 72.25,
  "altitude_cyl10": 72.4800033569336,
  "altitude_sph10": 67.26000213623047,
  "step_cyl20": 34,
  "step_sph20": 35,
  "step_cyl10": 36,
  "step_sph10": 41,
  "time_detected": null,
  "total_time": 42.817039251327515,
  "time_spent_s": 42.817039251327515,
  "final_distance_m": 10.043444633483887,
  "horizontal_distance_m": 7.113559815927092,
  "vertical_distance_m": 7.089996337890625,
  "final_altitude_amsl": 67.08999633789062,
  "attack_steps": 41,
  "success": true,
  "target_lat": 40.42318983679704,
  "target_lon": -86.9344426307204,
  "target_alt": 60.0
}