{
  "location": 3,
  "direction": "ENE",
  "bearing_deg": 60.0,
  "cylinder_20m": true,
  "sphere_20m": true,
  "cylinder_10m": true,
  "sphere_10m": true,
  "detected_cyl20": false,
  "detected_sph20": false,
  "detected_cyl10": false,
  "detected_sph10": false,
  "ci_detected_overall": false,
  "time_cyl20": 39.61619210243225,
  "time_sph20": 39.68322992324829,
  "time_cyl10": 42.42090463638306,
  "time_sph10": 42.42090463638306,
  "distance_cyl20": 20.240671157836914,
  "distance_sph20": 19.89740753173828,
  "distance_cyl10": 9.930121421813965,
  "distance_sph10": 9.930121421813965,
  "altitude_cyl20": 64.04000091552734,
  "altitude_sph20": 63.970001220703125,
  "altitude_cyl10": 60.709999084472656,
  "altitude_sph10": 60.709999084472656,
  "step_cyl20": 38,
  "step_sph20": 38,
  "step_cyl10": 41,
  "step_sph10": 41,
  "time_detected": null,
  "total_time": 42.42128300666809,
  "time_spent_s": 42.42128300666809,
  "final_distance_m": 9.586230278015137,
  "horizontal_distance_m": 9.570439668743807,
  "vertical_distance_m": 0.5499992370605469,
  "final_altitude_amsl": 60.54999923706055,
  "attack_steps": 41,
  "success": true,
  "target_lat": 40.42318983679704,
  "target_lon": -86.9299372520921,
  "target_alt": 60.0
}