{
  "location": 8,
  "interrupted": true,
  "success": false,
  "cylinder_20m": true,
  "sphere_20m": true,
  "cylinder_10m": true,
  "sphere_10m": false,
  "detected_cyl20": false,
  "detected_sph20": false,
  "detected_cyl10": false,
  "detected_sph10": null,
  "ci_detected_overall": false,
  "time_cyl20": 28.239833116531372,
  "time_sph20": 29.440677404403687,
  "time_cyl10": 30.739275217056274,
  "time_sph10": null,
  "distance_cyl20": 23.747142791748047,
  "distance_sph20": 19.928518295288086,
  "distance_cyl10": 17.827739715576172,
  "distance_sph10": null,
  "altitude_cyl20": 73.62999725341797,
  "altitude_sph20": 74.16999816894531,
  "altitude_cyl10": 74.88999938964844,
  "altitude_sph10": null,
  "step_cyl20": 28,
  "step_sph20": 29,
  "step_cyl10": 30,
  "step_sph10": null,
  "total_time": 76.16906595230103,
  "time_spent_s": 76.16906595230103,
  "final_distance_m": 52.32164764404297,
  "attack_steps": 73
}