{
  "location": 6,
  "interrupted": true,
  "success": false,
  "cylinder_20m": true,
  "sphere_20m": true,
  "cylinder_10m": true,
  "sphere_10m": false,
  "detected_cyl20": false,
  "detected_sph20": false,
  "detected_cyl10": false,
  "detected_sph10": null,
  "ci_detected_overall": false,
  "time_cyl20": 27.82337784767151,
  "time_sph20": 28.922832489013672,
  "time_cyl10": 30.122318983078003,
  "time_sph10": null,
  "distance_cyl20": 23.75016212463379,
  "distance_sph20": 19.985376358032227,
  "distance_cyl10": 16.807701110839844,
  "distance_sph10": null,
  "altitude_cyl20": 73.68000030517578,
  "altitude_sph20": 73.83000183105469,
  "altitude_cyl10": 73.87000274658203,
  "altitude_sph10": null,
  "step_cyl20": 27,
  "step_sph20": 28,
  "step_cyl10": 29,
  "step_sph10": null,
  "total_time": 69.98145055770874,
  "time_spent_s": 69.98145055770874,
  "final_distance_m": 46.55958557128906,
  "attack_steps": 67
}